--
-- PostgreSQL database dump
--

-- Dumped from database version 16.6 (Ubuntu 16.6-1.pgdg24.04+1)
-- Dumped by pg_dump version 16.6 (Ubuntu 16.6-1.pgdg24.04+1)

SET statement_timeout = 0;
SET lock_timeout = 0;
SET idle_in_transaction_session_timeout = 0;
SET client_encoding = 'UTF8';
SET standard_conforming_strings = on;
SELECT pg_catalog.set_config('search_path', '', false);
SET check_function_bodies = false;
SET xmloption = content;
SET client_min_messages = warning;
SET row_security = off;

SET default_tablespace = '';

SET default_table_access_method = heap;

--
-- Name: auth_group; Type: TABLE; Schema: public; Owner: celestial_site
--

CREATE TABLE public.auth_group (
    id integer NOT NULL,
    name character varying(150) NOT NULL
);


ALTER TABLE public.auth_group OWNER TO celestial_site;

--
-- Name: auth_group_id_seq; Type: SEQUENCE; Schema: public; Owner: celestial_site
--

ALTER TABLE public.auth_group ALTER COLUMN id ADD GENERATED BY DEFAULT AS IDENTITY (
    SEQUENCE NAME public.auth_group_id_seq
    START WITH 1
    INCREMENT BY 1
    NO MINVALUE
    NO MAXVALUE
    CACHE 1
);


--
-- Name: auth_group_permissions; Type: TABLE; Schema: public; Owner: celestial_site
--

CREATE TABLE public.auth_group_permissions (
    id bigint NOT NULL,
    group_id integer NOT NULL,
    permission_id integer NOT NULL
);


ALTER TABLE public.auth_group_permissions OWNER TO celestial_site;

--
-- Name: auth_group_permissions_id_seq; Type: SEQUENCE; Schema: public; Owner: celestial_site
--

ALTER TABLE public.auth_group_permissions ALTER COLUMN id ADD GENERATED BY DEFAULT AS IDENTITY (
    SEQUENCE NAME public.auth_group_permissions_id_seq
    START WITH 1
    INCREMENT BY 1
    NO MINVALUE
    NO MAXVALUE
    CACHE 1
);


--
-- Name: auth_permission; Type: TABLE; Schema: public; Owner: celestial_site
--

CREATE TABLE public.auth_permission (
    id integer NOT NULL,
    name character varying(255) NOT NULL,
    content_type_id integer NOT NULL,
    codename character varying(100) NOT NULL
);


ALTER TABLE public.auth_permission OWNER TO celestial_site;

--
-- Name: auth_permission_id_seq; Type: SEQUENCE; Schema: public; Owner: celestial_site
--

ALTER TABLE public.auth_permission ALTER COLUMN id ADD GENERATED BY DEFAULT AS IDENTITY (
    SEQUENCE NAME public.auth_permission_id_seq
    START WITH 1
    INCREMENT BY 1
    NO MINVALUE
    NO MAXVALUE
    CACHE 1
);


--
-- Name: django_admin_log; Type: TABLE; Schema: public; Owner: celestial_site
--

CREATE TABLE public.django_admin_log (
    id integer NOT NULL,
    action_time timestamp with time zone NOT NULL,
    object_id text,
    object_repr character varying(200) NOT NULL,
    action_flag smallint NOT NULL,
    change_message text NOT NULL,
    content_type_id integer,
    user_id bigint NOT NULL,
    CONSTRAINT django_admin_log_action_flag_check CHECK ((action_flag >= 0))
);


ALTER TABLE public.django_admin_log OWNER TO celestial_site;

--
-- Name: django_admin_log_id_seq; Type: SEQUENCE; Schema: public; Owner: celestial_site
--

ALTER TABLE public.django_admin_log ALTER COLUMN id ADD GENERATED BY DEFAULT AS IDENTITY (
    SEQUENCE NAME public.django_admin_log_id_seq
    START WITH 1
    INCREMENT BY 1
    NO MINVALUE
    NO MAXVALUE
    CACHE 1
);


--
-- Name: django_content_type; Type: TABLE; Schema: public; Owner: celestial_site
--

CREATE TABLE public.django_content_type (
    id integer NOT NULL,
    app_label character varying(100) NOT NULL,
    model character varying(100) NOT NULL
);


ALTER TABLE public.django_content_type OWNER TO celestial_site;

--
-- Name: django_content_type_id_seq; Type: SEQUENCE; Schema: public; Owner: celestial_site
--

ALTER TABLE public.django_content_type ALTER COLUMN id ADD GENERATED BY DEFAULT AS IDENTITY (
    SEQUENCE NAME public.django_content_type_id_seq
    START WITH 1
    INCREMENT BY 1
    NO MINVALUE
    NO MAXVALUE
    CACHE 1
);


--
-- Name: django_migrations; Type: TABLE; Schema: public; Owner: celestial_site
--

CREATE TABLE public.django_migrations (
    id bigint NOT NULL,
    app character varying(255) NOT NULL,
    name character varying(255) NOT NULL,
    applied timestamp with time zone NOT NULL
);


ALTER TABLE public.django_migrations OWNER TO celestial_site;

--
-- Name: django_migrations_id_seq; Type: SEQUENCE; Schema: public; Owner: celestial_site
--

ALTER TABLE public.django_migrations ALTER COLUMN id ADD GENERATED BY DEFAULT AS IDENTITY (
    SEQUENCE NAME public.django_migrations_id_seq
    START WITH 1
    INCREMENT BY 1
    NO MINVALUE
    NO MAXVALUE
    CACHE 1
);


--
-- Name: django_session; Type: TABLE; Schema: public; Owner: celestial_site
--

CREATE TABLE public.django_session (
    session_key character varying(40) NOT NULL,
    session_data text NOT NULL,
    expire_date timestamp with time zone NOT NULL
);


ALTER TABLE public.django_session OWNER TO celestial_site;

--
-- Name: main_category; Type: TABLE; Schema: public; Owner: celestial_site
--

CREATE TABLE public.main_category (
    id bigint NOT NULL,
    name character varying(25) NOT NULL,
    slug character varying(25) NOT NULL
);


ALTER TABLE public.main_category OWNER TO celestial_site;

--
-- Name: main_category_id_seq; Type: SEQUENCE; Schema: public; Owner: celestial_site
--

ALTER TABLE public.main_category ALTER COLUMN id ADD GENERATED BY DEFAULT AS IDENTITY (
    SEQUENCE NAME public.main_category_id_seq
    START WITH 1
    INCREMENT BY 1
    NO MINVALUE
    NO MAXVALUE
    CACHE 1
);


--
-- Name: main_celestial; Type: TABLE; Schema: public; Owner: celestial_site
--

CREATE TABLE public.main_celestial (
    id bigint NOT NULL,
    name character varying(100) NOT NULL,
    slug character varying(50) NOT NULL,
    description text NOT NULL,
    price numeric(10,2) NOT NULL,
    available boolean NOT NULL,
    discount numeric(4,2) NOT NULL,
    created time without time zone NOT NULL,
    updated time without time zone NOT NULL,
    image character varying(100) NOT NULL,
    category_id bigint NOT NULL
);


ALTER TABLE public.main_celestial OWNER TO celestial_site;

--
-- Name: main_celestial_id_seq; Type: SEQUENCE; Schema: public; Owner: celestial_site
--

ALTER TABLE public.main_celestial ALTER COLUMN id ADD GENERATED BY DEFAULT AS IDENTITY (
    SEQUENCE NAME public.main_celestial_id_seq
    START WITH 1
    INCREMENT BY 1
    NO MINVALUE
    NO MAXVALUE
    CACHE 1
);


--
-- Name: main_image; Type: TABLE; Schema: public; Owner: celestial_site
--

CREATE TABLE public.main_image (
    id bigint NOT NULL,
    image character varying(100) NOT NULL,
    celestial_obj_id bigint
);


ALTER TABLE public.main_image OWNER TO celestial_site;

--
-- Name: main_image_id_seq; Type: SEQUENCE; Schema: public; Owner: celestial_site
--

ALTER TABLE public.main_image ALTER COLUMN id ADD GENERATED BY DEFAULT AS IDENTITY (
    SEQUENCE NAME public.main_image_id_seq
    START WITH 1
    INCREMENT BY 1
    NO MINVALUE
    NO MAXVALUE
    CACHE 1
);


--
-- Name: orders_order; Type: TABLE; Schema: public; Owner: celestial_site
--

CREATE TABLE public.orders_order (
    id bigint NOT NULL,
    first_name character varying(100) NOT NULL,
    last_name character varying(100) NOT NULL,
    email character varying(254) NOT NULL,
    city character varying(100) NOT NULL,
    postal_code character varying(50) NOT NULL,
    adress character varying(100) NOT NULL,
    created timestamp with time zone NOT NULL,
    updated timestamp with time zone NOT NULL,
    paid boolean NOT NULL,
    user_id bigint,
    stripe_id character varying(250) NOT NULL
);


ALTER TABLE public.orders_order OWNER TO celestial_site;

--
-- Name: orders_order_id_seq; Type: SEQUENCE; Schema: public; Owner: celestial_site
--

ALTER TABLE public.orders_order ALTER COLUMN id ADD GENERATED BY DEFAULT AS IDENTITY (
    SEQUENCE NAME public.orders_order_id_seq
    START WITH 1
    INCREMENT BY 1
    NO MINVALUE
    NO MAXVALUE
    CACHE 1
);


--
-- Name: orders_orderitems; Type: TABLE; Schema: public; Owner: celestial_site
--

CREATE TABLE public.orders_orderitems (
    id bigint NOT NULL,
    price numeric(8,2) NOT NULL,
    quantity bigint NOT NULL,
    celestial_obj_id bigint NOT NULL,
    order_id bigint NOT NULL,
    CONSTRAINT orders_orderitems_quantity_check CHECK ((quantity >= 0))
);


ALTER TABLE public.orders_orderitems OWNER TO celestial_site;

--
-- Name: orders_orderitems_id_seq; Type: SEQUENCE; Schema: public; Owner: celestial_site
--

ALTER TABLE public.orders_orderitems ALTER COLUMN id ADD GENERATED BY DEFAULT AS IDENTITY (
    SEQUENCE NAME public.orders_orderitems_id_seq
    START WITH 1
    INCREMENT BY 1
    NO MINVALUE
    NO MAXVALUE
    CACHE 1
);


--
-- Name: user; Type: TABLE; Schema: public; Owner: celestial_site
--

CREATE TABLE public."user" (
    id bigint NOT NULL,
    password character varying(128) NOT NULL,
    last_login timestamp with time zone,
    is_superuser boolean NOT NULL,
    username character varying(150) NOT NULL,
    first_name character varying(150) NOT NULL,
    last_name character varying(150) NOT NULL,
    email character varying(254) NOT NULL,
    is_staff boolean NOT NULL,
    is_active boolean NOT NULL,
    date_joined timestamp with time zone NOT NULL,
    image character varying(100)
);


ALTER TABLE public."user" OWNER TO celestial_site;

--
-- Name: user_groups; Type: TABLE; Schema: public; Owner: celestial_site
--

CREATE TABLE public.user_groups (
    id bigint NOT NULL,
    user_id bigint NOT NULL,
    group_id integer NOT NULL
);


ALTER TABLE public.user_groups OWNER TO celestial_site;

--
-- Name: user_groups_id_seq; Type: SEQUENCE; Schema: public; Owner: celestial_site
--

ALTER TABLE public.user_groups ALTER COLUMN id ADD GENERATED BY DEFAULT AS IDENTITY (
    SEQUENCE NAME public.user_groups_id_seq
    START WITH 1
    INCREMENT BY 1
    NO MINVALUE
    NO MAXVALUE
    CACHE 1
);


--
-- Name: user_id_seq; Type: SEQUENCE; Schema: public; Owner: celestial_site
--

ALTER TABLE public."user" ALTER COLUMN id ADD GENERATED BY DEFAULT AS IDENTITY (
    SEQUENCE NAME public.user_id_seq
    START WITH 1
    INCREMENT BY 1
    NO MINVALUE
    NO MAXVALUE
    CACHE 1
);


--
-- Name: user_user_permissions; Type: TABLE; Schema: public; Owner: celestial_site
--

CREATE TABLE public.user_user_permissions (
    id bigint NOT NULL,
    user_id bigint NOT NULL,
    permission_id integer NOT NULL
);


ALTER TABLE public.user_user_permissions OWNER TO celestial_site;

--
-- Name: user_user_permissions_id_seq; Type: SEQUENCE; Schema: public; Owner: celestial_site
--

ALTER TABLE public.user_user_permissions ALTER COLUMN id ADD GENERATED BY DEFAULT AS IDENTITY (
    SEQUENCE NAME public.user_user_permissions_id_seq
    START WITH 1
    INCREMENT BY 1
    NO MINVALUE
    NO MAXVALUE
    CACHE 1
);


--
-- Data for Name: auth_group; Type: TABLE DATA; Schema: public; Owner: celestial_site
--

COPY public.auth_group (id, name) FROM stdin;
\.


--
-- Data for Name: auth_group_permissions; Type: TABLE DATA; Schema: public; Owner: celestial_site
--

COPY public.auth_group_permissions (id, group_id, permission_id) FROM stdin;
\.


--
-- Data for Name: auth_permission; Type: TABLE DATA; Schema: public; Owner: celestial_site
--

COPY public.auth_permission (id, name, content_type_id, codename) FROM stdin;
1	Can add log entry	1	add_logentry
2	Can change log entry	1	change_logentry
3	Can delete log entry	1	delete_logentry
4	Can view log entry	1	view_logentry
5	Can add permission	2	add_permission
6	Can change permission	2	change_permission
7	Can delete permission	2	delete_permission
8	Can view permission	2	view_permission
9	Can add group	3	add_group
10	Can change group	3	change_group
11	Can delete group	3	delete_group
12	Can view group	3	view_group
13	Can add content type	4	add_contenttype
14	Can change content type	4	change_contenttype
15	Can delete content type	4	delete_contenttype
16	Can view content type	4	view_contenttype
17	Can add session	5	add_session
18	Can change session	5	change_session
19	Can delete session	5	delete_session
20	Can view session	5	view_session
21	Can add category	6	add_category
22	Can change category	6	change_category
23	Can delete category	6	delete_category
24	Can view category	6	view_category
25	Can add celestial	7	add_celestial
26	Can change celestial	7	change_celestial
27	Can delete celestial	7	delete_celestial
28	Can view celestial	7	view_celestial
29	Can add image	8	add_image
30	Can change image	8	change_image
31	Can delete image	8	delete_image
32	Can view image	8	view_image
33	Can add user	9	add_user
34	Can change user	9	change_user
35	Can delete user	9	delete_user
36	Can view user	9	view_user
37	Can add order	10	add_order
38	Can change order	10	change_order
39	Can delete order	10	delete_order
40	Can view order	10	view_order
41	Can add order items	11	add_orderitems
42	Can change order items	11	change_orderitems
43	Can delete order items	11	delete_orderitems
44	Can view order items	11	view_orderitems
\.


--
-- Data for Name: django_admin_log; Type: TABLE DATA; Schema: public; Owner: celestial_site
--

COPY public.django_admin_log (id, action_time, object_id, object_repr, action_flag, change_message, content_type_id, user_id) FROM stdin;
1	2024-12-09 08:25:52.349446+00	1	planets	1	[{"added": {}}]	6	1
2	2024-12-09 08:26:06.038333+00	2	galaxies	1	[{"added": {}}]	6	1
3	2024-12-09 08:26:19.242798+00	2	Galaxies	2	[{"changed": {"fields": ["Name"]}}]	6	1
4	2024-12-09 08:26:26.836232+00	1	Planets	2	[{"changed": {"fields": ["Name"]}}]	6	1
5	2024-12-09 08:26:42.038388+00	3	Stars	1	[{"added": {}}]	6	1
6	2024-12-09 08:27:04.821629+00	4	Unknown	1	[{"added": {}}]	6	1
7	2024-12-09 08:36:11.656019+00	1	Earth	1	[{"added": {}}, {"added": {"name": "image", "object": "Earth - celestial/2024/12/09/f_earth1_TPMox4P.jpg"}}, {"added": {"name": "image", "object": "Earth - celestial/2024/12/09/f_earth2.jpg"}}, {"added": {"name": "image", "object": "Earth - celestial/2024/12/09/f_earth3.jpg"}}]	7	1
8	2024-12-09 09:10:53.052708+00	2	Mars	1	[{"added": {}}, {"added": {"name": "image", "object": "Mars - celestial/2024/12/09/mars_tZjYZM0.jpg"}}, {"added": {"name": "image", "object": "Mars - celestial/2024/12/09/mars2.jpg"}}]	7	1
9	2024-12-09 09:12:28.337411+00	3	Sun	1	[{"added": {}}, {"added": {"name": "image", "object": "Sun - celestial/2024/12/09/sun1.jpg"}}, {"added": {"name": "image", "object": "Sun - celestial/2024/12/09/sun.JPG"}}]	7	1
10	2024-12-09 18:03:54.672512+00	1	Earth	2	[{"changed": {"fields": ["Image"]}}, {"changed": {"name": "image", "object": "Earth - celestial/2024/12/09/f_earth1_EDcbMsa.jpg", "fields": ["Image"]}}, {"changed": {"name": "image", "object": "Earth - celestial/2024/12/09/f_earth2_aFBiKoU.jpg", "fields": ["Image"]}}, {"changed": {"name": "image", "object": "Earth - ", "fields": ["Image"]}}]	7	1
11	2024-12-09 18:05:55.621602+00	4	Altair	1	[{"added": {}}, {"added": {"name": "image", "object": "Altair - celestial/2024/12/09/altair1_qkZijuf.jpg"}}, {"added": {"name": "image", "object": "Altair - celestial/2024/12/09/altair2.jpg"}}, {"added": {"name": "image", "object": "Altair - celestial/2024/12/09/altair3.jpg"}}]	7	1
12	2024-12-09 18:12:52.291907+00	5	Death Star	1	[{"added": {}}, {"added": {"name": "image", "object": "Death Star - celestial/2024/12/09/starwars1_RcXbY6r.jpg"}}, {"added": {"name": "image", "object": "Death Star - celestial/2024/12/09/starwars2.jpg"}}]	7	1
13	2024-12-09 18:16:40.425457+00	6	Aqualis	1	[{"added": {}}, {"added": {"name": "image", "object": "Aqualis - celestial/2024/12/09/blue_TvAunhj.jpg"}}, {"added": {"name": "image", "object": "Aqualis - celestial/2024/12/09/blue2.jpg"}}]	7	1
14	2024-12-09 18:18:20.447053+00	7	Zephyra	1	[{"added": {}}, {"added": {"name": "image", "object": "Zephyra - celestial/2024/12/09/galaxy2_LAtM3rO.jpg"}}]	7	1
15	2024-12-09 18:19:50.736851+00	8	Solara	1	[{"added": {}}, {"added": {"name": "image", "object": "Solara - celestial/2024/12/09/galaxy6_7ignTrO.jpg"}}]	7	1
16	2024-12-09 18:22:54.81378+00	9	Luminara	1	[{"added": {}}, {"added": {"name": "image", "object": "Luminara - celestial/2024/12/09/galaxy4_NxlFDVZ.jpg"}}]	7	1
17	2024-12-09 18:26:16.870931+00	10	Veridion	1	[{"added": {}}, {"added": {"name": "image", "object": "Veridion - celestial/2024/12/09/roadG1_oUSwRej.jpg"}}, {"added": {"name": "image", "object": "Veridion - celestial/2024/12/09/roadG2.jpg"}}]	7	1
18	2024-12-09 18:27:50.184157+00	3	Sun	2	[{"changed": {"fields": ["Image"]}}, {"changed": {"name": "image", "object": "Sun - celestial/2024/12/09/sun3_BpPl6XU.jpg", "fields": ["Image"]}}, {"changed": {"name": "image", "object": "Sun - celestial/2024/12/09/sun1_AU0eIBG.jpg", "fields": ["Image"]}}]	7	1
19	2024-12-09 18:30:39.492831+00	11	Xylonia-IV	1	[{"added": {}}, {"added": {"name": "image", "object": "Xylonia-IV - celestial/2024/12/09/mar_riLKTMY.jpg"}}, {"added": {"name": "image", "object": "Xylonia-IV - celestial/2024/12/09/mar2.jpg"}}]	7	1
20	2024-12-09 18:46:07.150299+00	12	Neoterra	1	[{"added": {}}, {"added": {"name": "image", "object": "Neoterra - celestial/2024/12/09/future1_0r92R8P.jpg"}}, {"added": {"name": "image", "object": "Neoterra - celestial/2024/12/09/future2.jpg"}}]	7	1
\.


--
-- Data for Name: django_content_type; Type: TABLE DATA; Schema: public; Owner: celestial_site
--

COPY public.django_content_type (id, app_label, model) FROM stdin;
1	admin	logentry
2	auth	permission
3	auth	group
4	contenttypes	contenttype
5	sessions	session
6	main	category
7	main	celestial
8	main	image
9	users	user
10	orders	order
11	orders	orderitems
\.


--
-- Data for Name: django_migrations; Type: TABLE DATA; Schema: public; Owner: celestial_site
--

COPY public.django_migrations (id, app, name, applied) FROM stdin;
1	contenttypes	0001_initial	2024-12-09 07:46:42.681163+00
2	contenttypes	0002_remove_content_type_name	2024-12-09 07:46:42.715022+00
3	auth	0001_initial	2024-12-09 07:46:42.82386+00
4	auth	0002_alter_permission_name_max_length	2024-12-09 07:46:42.871705+00
5	auth	0003_alter_user_email_max_length	2024-12-09 07:46:42.903514+00
6	auth	0004_alter_user_username_opts	2024-12-09 07:46:42.934234+00
7	auth	0005_alter_user_last_login_null	2024-12-09 07:46:42.952031+00
8	auth	0006_require_contenttypes_0002	2024-12-09 07:46:42.976911+00
9	auth	0007_alter_validators_add_error_messages	2024-12-09 07:46:42.994669+00
10	auth	0008_alter_user_username_max_length	2024-12-09 07:46:43.017271+00
11	auth	0009_alter_user_last_name_max_length	2024-12-09 07:46:43.052554+00
12	auth	0010_alter_group_name_max_length	2024-12-09 07:46:43.080219+00
13	auth	0011_update_proxy_permissions	2024-12-09 07:46:43.109032+00
14	auth	0012_alter_user_first_name_max_length	2024-12-09 07:46:43.129626+00
15	users	0001_initial	2024-12-09 07:46:43.248164+00
16	admin	0001_initial	2024-12-09 07:46:43.303584+00
17	admin	0002_logentry_remove_auto_add	2024-12-09 07:46:43.330986+00
18	admin	0003_logentry_add_action_flag_choices	2024-12-09 07:46:43.381162+00
19	main	0001_initial	2024-12-09 07:46:43.495191+00
20	sessions	0001_initial	2024-12-09 07:46:43.511139+00
21	main	0002_celestial_stripe_id	2024-12-11 15:05:12.725482+00
22	orders	0001_initial	2024-12-11 15:05:13.005961+00
23	main	0003_remove_celestial_stripe_id	2024-12-11 16:57:25.910949+00
24	orders	0002_order_stripe_id	2024-12-11 16:57:26.041768+00
\.


--
-- Data for Name: django_session; Type: TABLE DATA; Schema: public; Owner: celestial_site
--

COPY public.django_session (session_key, session_data, expire_date) FROM stdin;
oqwh4e2hn59h94e7pp97ls5qlyff2oup	.eJxVjjEOgzAQBP_iGlm27wCHMj1vQHc-O5BEWDJQIf6eIFEk7c5otLsaaFvHYVtiGSZRnbKq-t2YwivOJ5AnzY-sQ57XMrE-FX3RRfdZ4vt-uX-BkZbxzGJyHgmhvREEQMcWOIlNADYlRnE2cmu8q03jGw4xoDdsxKHBGpr6G81FrpOuUoHKqrr9OD4ZPz6U:1tLRA1:6FlVXqap9D1hDbfWzEbJ0S5OwwAhYnMOkMm9mASFdak	2024-12-25 18:10:09.771035+00
94k41xgmafhnrmnejqxy1jybh08i5tz8	eyJjYXJ0Ijp7IjYiOnsicXVhbnRpdHkiOjIsInByaWNlIjoiMzAuMDAifX19:1tyRJF:Hn4hn55waoydT8G5AMl7gmtNoq15LXgfP0WGODIz7Ds	2025-04-12 08:12:53.632986+00
\.


--
-- Data for Name: main_category; Type: TABLE DATA; Schema: public; Owner: celestial_site
--

COPY public.main_category (id, name, slug) FROM stdin;
2	Galaxies	galaxies
1	Planets	planets
3	Stars	stars
4	Unknown	unknown
\.


--
-- Data for Name: main_celestial; Type: TABLE DATA; Schema: public; Owner: celestial_site
--

COPY public.main_celestial (id, name, slug, description, price, available, discount, created, updated, image, category_id) FROM stdin;
2	Mars	mars	Mars, often referred to as the Red Planet, is approximately 4.6 billion years old, making it a member of the same solar system family as Earth. Located about 227.9 million kilometers from the Sun, Mars is the fourth planet in our solar system, nestled between Earth and Jupiter. Over the centuries, it has captivated humanity’s imagination, and by the year 2977, it has become a focal point for interplanetary colonization efforts.\r\n\r\nBy this time, Mars has been transformed into a thriving hub for human activity, with established colonies that support life through advanced terraforming technologies. These colonies are equipped with biodomes that provide sustainable living conditions, utilizing Martian resources such as water ice and regolith to create a self-sufficient environment. The atmosphere, though still thin compared to Earth’s, has been partially enriched to support agriculture and habitation. Socially, Martian society has developed its own unique culture, blending Earth’s diverse traditions with the innovative spirit of pioneering settlers. However, challenges such as resource management and maintaining a balance with the planet's fragile ecosystem continue to pose significant hurdles for its inhabitants.	40.00	t	0.00	09:10:53.009944	09:10:13	celestial/2024/12/09/mars.jpg	1
1	Earth	earth	In the year 2977, Earth is a planet that has witnessed nearly 5 billion years of existence. Located in the Milky Way galaxy, it continues to orbit the Sun as it has for eons. By this time, the planet has undergone significant transformations, both environmentally and socially, as humanity has learned to adapt to the challenges posed by climate change and resource depletion.\r\n\r\n     The Earth of 2977 is characterized by advanced eco-technologies that have allowed for a sustainable coexistence with nature. Cities are now designed with vertical gardens and green roofs, utilizing smart systems to manage energy efficiently. Renewable energy sources dominate the landscape, with solar panels and wind turbines integrated into urban infrastructure. Society has evolved into a more interconnected global community, where education is universally accessible, fostering creativity and innovation across cultures. However, despite these advancements, challenges such as social inequality and the preservation of biodiversity remain critical issues that continue to demand collective action and awareness.	60.00	t	10.00	08:36:11.514534	08:31:59	celestial/2024/12/09/f_earth1_hDC55SD.jpg	1
4	Altair	altair	Altair, the brightest star in the constellation Aquila, is approximately 1.1 billion years old. This relatively young age makes it a main-sequence star, similar to our Sun, but it is significantly more massive and luminous. Located about 16.7 light-years away from Earth, Altair is one of the closest stars to our solar system and is easily recognizable in the night sky due to its brightness and distinct position in the summer triangle, formed with the stars Vega and Deneb.\r\n\r\nAs of the year 2977, Altair has garnered interest not only for its brightness but also for the potential of its planetary system. Astronomers have discovered several exoplanets orbiting Altair, and these worlds have become focal points for research into the possibility of extraterrestrial life. The conditions on these planets vary, with some exhibiting characteristics that could support life, such as stable atmospheres and liquid water. Efforts to explore these exoplanets have led to advancements in space travel technology, enabling missions to study their environments and potential habitability.\r\n\r\nThe fascination with Altair extends beyond scientific inquiry; it has also inspired cultural and artistic expressions throughout history. As humanity continues to explore the cosmos, Altair stands as a beacon of hope and curiosity, representing the quest to understand the universe and our place within it. The ongoing research into its planetary system not only enhances our knowledge of stellar evolution but also fuels the dreams of future interstellar exploration.	120.00	t	25.00	18:05:55.487218	18:05:53	celestial/2024/12/09/altair1.jpg	3
5	Death Star	death-star	The Death Star, a fictional space station and superweapon from the Star Wars universe, is a significant symbol of power and terror in the Galactic Empire. The first Death Star, known as the DS-1 Orbital Battle Station, was constructed over a period of approximately 20 years, with its construction beginning shortly after the rise of Emperor Palpatine. It is located in the Deep Core of the galaxy, hidden away from the prying eyes of the Rebel Alliance, and serves as both a military base and a symbol of the Empire's might.\r\n\r\nAs of the events depicted in the original Star Wars trilogy, the Death Star is operational and capable of destroying entire planets with its superlaser. The station is equipped with numerous turbolasers, TIE fighter hangars, and advanced technology for both defense and offense. However, its immense size and complexity also present vulnerabilities, which ultimately lead to its downfall. The Rebel Alliance, seeking to thwart the Empire's oppressive rule, discovers the station's weakness and launches a daring attack that results in the destruction of the Death Star in "Star Wars: Episode IV - A New Hope."\r\n\r\nThe legacy of the Death Star continues to influence the Star Wars saga, serving as a reminder of the consequences of unchecked power and the importance of resistance against tyranny. Its design and concept have inspired countless adaptations in popular culture, solidifying its place as one of the most iconic symbols in science fiction history. Despite its fictional nature, the Death Star represents themes of hope, rebellion, and the ongoing struggle between good and evil in the galaxy.	500.00	t	0.00	18:12:52.184176	18:12:49	celestial/2024/12/09/starwars1.jpg	4
6	Aqualis	aqualis	In the vast expanse of the cosmos lies the fictional blue planet of Aqualis, a vibrant world teeming with life and rich in natural resources. Aqualis is approximately 3 billion years old, making it a relatively mature planet in the cosmic timeline. Located in the Andromeda Galaxy, it orbits a stable star that provides the perfect conditions for life to flourish. The planet's striking blue hue is primarily due to its extensive oceans, which cover about 75% of its surface, interspersed with lush green islands and towering mountain ranges.\r\n\r\nAqualis is home to a diverse array of ecosystems, ranging from sprawling coral reefs to dense rainforests, each supporting unique species of flora and fauna. The intelligent inhabitants of Aqualis, known as the Aqualorians, have developed a harmonious relationship with their environment, utilizing advanced technology that is deeply rooted in sustainability. They have established thriving underwater cities and aerial habitats, showcasing their ingenuity and respect for nature. However, the planet faces challenges, including the threat of climate change and resource depletion, which have prompted the Aqualorians to unite in efforts to preserve their world.\r\n\r\nAs the inhabitants of Aqualis navigate these challenges, they remain committed to exploring the stars and seeking connections with other civilizations. Their rich culture, marked by art, music, and a profound understanding of the universe, reflects their belief in cooperation and knowledge-sharing. Aqualis stands as a beacon of hope and resilience, illustrating the potential for harmony between advanced civilization and the natural world, while also serving as a reminder of the responsibilities that come with such progress.	30.00	t	0.00	18:16:40.362838	18:16:38	celestial/2024/12/09/blue.jpg	1
7	Zephyra	zephyra	In the far reaches of the universe lies the fictional galaxy of Zephyra, a sprawling expanse of stars and planets that is approximately 5 billion years old. Located in the Outer Rim of the cosmos, Zephyra is home to a diverse array of celestial bodies, including vibrant planets, asteroid belts, and shimmering nebulae. This galaxy is characterized by its unique spiral shape, with luminous arms that stretch across the void, dotted with countless star systems, each containing its own mysteries and wonders.\r\n\r\nWithin Zephyra, various civilizations have evolved, each adapting to their unique environments and developing distinct cultures. Some planets are lush and teeming with life, while others are arid deserts or icy wastelands. The inhabitants of Zephyra have made significant advancements in technology, allowing for interstellar travel and communication between worlds. However, the galaxy is not without its challenges; political tensions between different factions and the occasional threat from rogue space pirates create an atmosphere of uncertainty. \r\n\r\nDespite these challenges, the spirit of exploration and cooperation thrives among the inhabitants of Zephyra. Various alliances have formed, promoting trade and cultural exchange, while scientific endeavors seek to unlock the secrets of the galaxy. As the civilizations of Zephyra continue to evolve, they remain hopeful for a future where unity and understanding prevail, allowing them to navigate the complexities of their galaxy and beyond. The beauty and diversity of Zephyra serve as a testament to the infinite possibilities of life in the universe.	139.00	t	15.00	18:18:20.43354	18:18:18	celestial/2024/12/09/galaxy2.jpg	2
8	Solara	solara	In the heart of the cosmos lies the fictional galaxy of Solara, a magnificent spiral galaxy estimated to be around 4.5 billion years old. Located in a distant sector of the universe, Solara is renowned for its vibrant star clusters and a multitude of diverse planetary systems. With its distinct golden hues and swirling arms, Solara captivates astronomers and explorers alike, boasting a rich tapestry of celestial wonders that range from luminous nebulae to dense asteroid fields.\r\n\r\nThe galaxy is home to a variety of intelligent civilizations, each uniquely adapted to their respective environments. Some planets are lush and verdant, teeming with life, while others are stark and desolate, shaped by harsh climates. The inhabitants of Solara have made remarkable advancements in technology, enabling interstellar travel and fostering connections between different worlds. However, the galaxy is not without its challenges; ongoing conflicts over resources and ideological differences have led to tensions among various factions, creating a complex political landscape.\r\n\r\nDespite these struggles, the spirit of cooperation and exploration remains strong within Solara. Numerous alliances have formed, promoting trade, cultural exchange, and joint scientific endeavors aimed at understanding the mysteries of the universe. As the civilizations of Solara navigate their challenges, they hold onto the hope of a future marked by unity and mutual respect, striving to harness the beauty and diversity of their galaxy for the greater good. Solara stands as a testament to the resilience of life and the endless possibilities that the cosmos has to offer.	700.00	t	30.00	18:19:50.719373	18:19:30	celestial/2024/12/09/galaxy6.jpg	2
9	Luminara	luminara	In the depths of the universe lies the fictional galaxy of Luminara, an ancient spiral galaxy that has existed for approximately 6 billion years. Located in an uncharted region of the cosmos, Luminara is distinguished by its radiant star clusters and vibrant nebulae that illuminate the dark void of space. The galaxy is home to a myriad of planets, each with its own unique ecosystems and civilizations, ranging from lush, life-filled worlds to barren, rocky landscapes.\r\n\r\nLuminara is a tapestry of diverse cultures and advanced technologies, with its inhabitants having developed sophisticated means of interstellar travel and communication. However, the galaxy is not without its challenges. Political strife among various factions and the looming threat of cosmic marauders have created an atmosphere of tension and uncertainty. Despite these challenges, many civilizations within Luminara strive for peace and collaboration, forming alliances to foster trade and cultural exchange.\r\n\r\nAs the inhabitants of Luminara navigate their complex realities, they remain hopeful for a brighter future. Scientific exploration is thriving, with numerous expeditions aimed at uncovering the galaxy's secrets and enhancing understanding among its diverse peoples. The beauty and complexity of Luminara serve as a reminder of the resilience of life and the endless possibilities that lie within the vast expanse of the universe.	329.00	t	10.00	18:22:54.626741	18:22:50	celestial/2024/12/09/galaxy4.jpg	2
10	Veridion	veridion	In the vast expanse of the cosmos lies the galaxy of Veridion, a sprawling collection of stars and planets that has existed for an estimated 5 billion years. Nestled in a remote corner of the universe, Veridion is characterized by its striking emerald-green nebulae and a multitude of vibrant star systems. This galaxy is a haven for diverse life forms, each thriving in their unique environments, from lush, forested planets to arid desert worlds, creating a rich tapestry of ecosystems and civilizations.\r\n\r\nThe inhabitants of Veridion have made significant advances in technology and culture, developing intricate societies that value exploration and knowledge. However, the galaxy faces challenges, including territorial disputes among various factions and the threat of marauding space pirates who seek to exploit its resources. Despite these conflicts, many civilizations within Veridion are committed to fostering cooperation and peace, forming alliances to promote trade and cultural exchange, and working together to defend against external threats.\r\n\r\nScientific curiosity drives the people of Veridion to explore the mysteries of their galaxy, leading to numerous expeditions aimed at uncovering ancient secrets and enhancing interstellar communication. As they navigate the complexities of their existence, the inhabitants remain hopeful for a future where unity prevails, and the beauty of their galaxy can be celebrated by all. Veridion stands as a testament to the resilience of life and the boundless potential of the universe.	499.00	t	0.00	18:26:16.767563	18:25:48	celestial/2024/12/09/roadG1.jpg	2
3	Sun	sun	The Sun, a vibrant star at the center of our solar system, is approximately 4.6 billion years old. Formed from the gravitational collapse of a region within a large molecular cloud, it has been the heart of our solar system since its inception. Located about 150 million kilometers (93 million miles) from Earth, the Sun provides the necessary light and heat that sustain life on our planet and influence the orbits of all the celestial bodies within its gravitational pull.\r\n\r\nAs of the year 2977, the Sun continues to shine brightly, undergoing the natural processes of stellar evolution. It is currently in the middle of its main sequence phase, where it fuses hydrogen into helium in its core, producing immense amounts of energy. This energy radiates outward, creating the solar wind and influencing space weather throughout the solar system. Despite its stability, scientists and astronomers keep a close eye on solar activity, as phenomena such as solar flares and coronal mass ejections can have significant impacts on technology and life on Earth and other planets.\r\n\r\nThe Sun's role remains crucial for the future of humanity, especially as interplanetary exploration and colonization efforts expand. Advances in solar energy technology have allowed civilizations on Earth and Mars to harness its power efficiently, ensuring a sustainable energy source for generations to come. As humanity continues to explore the cosmos, the Sun remains a constant, nurturing force, illuminating the path toward a deeper understanding of the universe and our place within it.	100.00	t	5.00	09:12:28.330544	09:11:41	celestial/2024/12/09/sun3_KvsweDc.jpg	3
11	Xylonia-IV	xylonia-iv	Located in the outer reaches of the Andromeda galaxy, the planet of Xylonia-IV has been in existence for approximately 3.5 billion years. This terrestrial paradise is nestled in the heart of the Xylophia star system, a region characterized by its stunning celestial beauty and diverse planetary bodies. Xylonia-IV is a haven for life, boasting vast oceans, sprawling continents, and a breathable atmosphere that supports a wide range of flora and fauna.\r\n\r\nThe inhabitants of Xylonia-IV, the Xyloxians, are a peaceful and enigmatic species that have developed a profound connection with their environment. They possess advanced technology that harmonizes with the natural world, allowing them to live in symbiosis with their planet. The Xyloxians are a curious and knowledge-driven society, with a deep understanding of the universe and its mysteries. They are known for their remarkable achievements in the fields of astronomy, botany, and medicine.\r\n\r\nDespite their peaceful nature, Xylonia-IV faces challenges from external threats, including rogue asteroids and hostile alien species. However, the Xyloxians have developed a sophisticated defense system that utilizes the planet's unique energy signature to repel potential threats. As they continue to explore the universe and expand their knowledge, the Xyloxians remain committed to preserving the delicate balance of their ecosystem and protecting their home planet for generations to come. Xylonia-IV stands as a shining example of a planet where technology and nature coexist in perfect harmony.	350.00	t	0.00	18:30:39.386369	18:30:33	celestial/2024/12/09/mar.jpg	4
12	Neoterra	neoterra	In the distant future, the planet of Neoterra has emerged as a beacon of hope and innovation, existing for approximately 1 billion years within the vibrant Elysium star cluster. Located on the outskirts of the Milky Way galaxy, Neoterra is renowned for its breathtaking landscapes, which include towering crystal mountains, bioluminescent forests, and vast, shimmering oceans. The planet's atmosphere is rich in oxygen and nitrogen, making it a perfect habitat for a diverse array of life forms, both native and introduced from other worlds.\r\n\r\nThe inhabitants of Neoterra, known as Terralites, are a highly advanced civilization that has mastered the art of sustainable living. They harness renewable energy sources, such as solar, wind, and geothermal power, to maintain their cities, which are seamlessly integrated into the natural environment. With a strong emphasis on education and scientific discovery, the Terralites have made significant strides in biotechnology, allowing them to enhance their health and extend their lifespans. Their society values collaboration and creativity, leading to a flourishing culture of art, music, and innovation.\r\n\r\nHowever, Neoterra is not without its challenges. As the planet continues to attract explorers and settlers from across the galaxy, tensions occasionally arise over resource allocation and environmental preservation. The Terralites are committed to balancing development with ecological sustainability, establishing strict regulations to protect their unique ecosystems. Through diplomacy and education, they strive to foster harmony among diverse populations, ensuring that Neoterra remains a thriving sanctuary for all its inhabitants while serving as an example of what a future planet can achieve.	900.00	t	0.00	18:46:06.994808	18:45:55	celestial/2024/12/09/future1.jpg	1
\.


--
-- Data for Name: main_image; Type: TABLE DATA; Schema: public; Owner: celestial_site
--

COPY public.main_image (id, image, celestial_obj_id) FROM stdin;
4	celestial/2024/12/09/mars_tZjYZM0.jpg	2
5	celestial/2024/12/09/mars2.jpg	2
1	celestial/2024/12/09/f_earth1_EDcbMsa.jpg	1
2	celestial/2024/12/09/f_earth2_aFBiKoU.jpg	1
3		1
8	celestial/2024/12/09/altair1_qkZijuf.jpg	4
9	celestial/2024/12/09/altair2.jpg	4
10	celestial/2024/12/09/altair3.jpg	4
11	celestial/2024/12/09/starwars1_RcXbY6r.jpg	5
12	celestial/2024/12/09/starwars2.jpg	5
13	celestial/2024/12/09/blue_TvAunhj.jpg	6
14	celestial/2024/12/09/blue2.jpg	6
15	celestial/2024/12/09/galaxy2_LAtM3rO.jpg	7
16	celestial/2024/12/09/galaxy6_7ignTrO.jpg	8
17	celestial/2024/12/09/galaxy4_NxlFDVZ.jpg	9
18	celestial/2024/12/09/roadG1_oUSwRej.jpg	10
19	celestial/2024/12/09/roadG2.jpg	10
6	celestial/2024/12/09/sun3_BpPl6XU.jpg	3
7	celestial/2024/12/09/sun1_AU0eIBG.jpg	3
20	celestial/2024/12/09/mar_riLKTMY.jpg	11
21	celestial/2024/12/09/mar2.jpg	11
22	celestial/2024/12/09/future1_0r92R8P.jpg	12
23	celestial/2024/12/09/future2.jpg	12
\.


--
-- Data for Name: orders_order; Type: TABLE DATA; Schema: public; Owner: celestial_site
--

COPY public.orders_order (id, first_name, last_name, email, city, postal_code, adress, created, updated, paid, user_id, stripe_id) FROM stdin;
1	ыфвафыва	фывафыва	sadfsadf@gmail.com	dasfasdf	sadfasdfa	sadfasdf	2024-12-11 17:11:35.490913+00	2024-12-11 17:11:35.490931+00	f	1	
2	ssssafaf	sssfasdfs	sadsssfaass@gmail.com	sdafasdfasf	sdafasdf	asdfsdf	2024-12-11 17:38:03.135519+00	2024-12-11 17:38:03.13554+00	f	1	
\.


--
-- Data for Name: orders_orderitems; Type: TABLE DATA; Schema: public; Owner: celestial_site
--

COPY public.orders_orderitems (id, price, quantity, celestial_obj_id, order_id) FROM stdin;
1	90.00	1	4	1
2	90.00	1	4	2
\.


--
-- Data for Name: user; Type: TABLE DATA; Schema: public; Owner: celestial_site
--

COPY public."user" (id, password, last_login, is_superuser, username, first_name, last_name, email, is_staff, is_active, date_joined, image) FROM stdin;
1	pbkdf2_sha256$870000$K9nbD7r83vQ1VYqK0vsN1x$caYW/qtaD2chcNbi3q82jafex/IqCLn43OBbTwoe0u0=	2024-12-11 07:01:48.745242+00	t	admin			martynov.igor2020ty@gmail.com	t	t	2024-12-09 08:03:23.774417+00	
\.


--
-- Data for Name: user_groups; Type: TABLE DATA; Schema: public; Owner: celestial_site
--

COPY public.user_groups (id, user_id, group_id) FROM stdin;
\.


--
-- Data for Name: user_user_permissions; Type: TABLE DATA; Schema: public; Owner: celestial_site
--

COPY public.user_user_permissions (id, user_id, permission_id) FROM stdin;
\.


--
-- Name: auth_group_id_seq; Type: SEQUENCE SET; Schema: public; Owner: celestial_site
--

SELECT pg_catalog.setval('public.auth_group_id_seq', 1, false);


--
-- Name: auth_group_permissions_id_seq; Type: SEQUENCE SET; Schema: public; Owner: celestial_site
--

SELECT pg_catalog.setval('public.auth_group_permissions_id_seq', 1, false);


--
-- Name: auth_permission_id_seq; Type: SEQUENCE SET; Schema: public; Owner: celestial_site
--

SELECT pg_catalog.setval('public.auth_permission_id_seq', 44, true);


--
-- Name: django_admin_log_id_seq; Type: SEQUENCE SET; Schema: public; Owner: celestial_site
--

SELECT pg_catalog.setval('public.django_admin_log_id_seq', 52, true);


--
-- Name: django_content_type_id_seq; Type: SEQUENCE SET; Schema: public; Owner: celestial_site
--

SELECT pg_catalog.setval('public.django_content_type_id_seq', 11, true);


--
-- Name: django_migrations_id_seq; Type: SEQUENCE SET; Schema: public; Owner: celestial_site
--

SELECT pg_catalog.setval('public.django_migrations_id_seq', 24, true);


--
-- Name: main_category_id_seq; Type: SEQUENCE SET; Schema: public; Owner: celestial_site
--

SELECT pg_catalog.setval('public.main_category_id_seq', 4, true);


--
-- Name: main_celestial_id_seq; Type: SEQUENCE SET; Schema: public; Owner: celestial_site
--

SELECT pg_catalog.setval('public.main_celestial_id_seq', 44, true);


--
-- Name: main_image_id_seq; Type: SEQUENCE SET; Schema: public; Owner: celestial_site
--

SELECT pg_catalog.setval('public.main_image_id_seq', 54, true);


--
-- Name: orders_order_id_seq; Type: SEQUENCE SET; Schema: public; Owner: celestial_site
--

SELECT pg_catalog.setval('public.orders_order_id_seq', 2, true);


--
-- Name: orders_orderitems_id_seq; Type: SEQUENCE SET; Schema: public; Owner: celestial_site
--

SELECT pg_catalog.setval('public.orders_orderitems_id_seq', 2, true);


--
-- Name: user_groups_id_seq; Type: SEQUENCE SET; Schema: public; Owner: celestial_site
--

SELECT pg_catalog.setval('public.user_groups_id_seq', 1, false);


--
-- Name: user_id_seq; Type: SEQUENCE SET; Schema: public; Owner: celestial_site
--

SELECT pg_catalog.setval('public.user_id_seq', 1, true);


--
-- Name: user_user_permissions_id_seq; Type: SEQUENCE SET; Schema: public; Owner: celestial_site
--

SELECT pg_catalog.setval('public.user_user_permissions_id_seq', 1, false);


--
-- Name: auth_group auth_group_name_key; Type: CONSTRAINT; Schema: public; Owner: celestial_site
--

ALTER TABLE ONLY public.auth_group
    ADD CONSTRAINT auth_group_name_key UNIQUE (name);


--
-- Name: auth_group_permissions auth_group_permissions_group_id_permission_id_0cd325b0_uniq; Type: CONSTRAINT; Schema: public; Owner: celestial_site
--

ALTER TABLE ONLY public.auth_group_permissions
    ADD CONSTRAINT auth_group_permissions_group_id_permission_id_0cd325b0_uniq UNIQUE (group_id, permission_id);


--
-- Name: auth_group_permissions auth_group_permissions_pkey; Type: CONSTRAINT; Schema: public; Owner: celestial_site
--

ALTER TABLE ONLY public.auth_group_permissions
    ADD CONSTRAINT auth_group_permissions_pkey PRIMARY KEY (id);


--
-- Name: auth_group auth_group_pkey; Type: CONSTRAINT; Schema: public; Owner: celestial_site
--

ALTER TABLE ONLY public.auth_group
    ADD CONSTRAINT auth_group_pkey PRIMARY KEY (id);


--
-- Name: auth_permission auth_permission_content_type_id_codename_01ab375a_uniq; Type: CONSTRAINT; Schema: public; Owner: celestial_site
--

ALTER TABLE ONLY public.auth_permission
    ADD CONSTRAINT auth_permission_content_type_id_codename_01ab375a_uniq UNIQUE (content_type_id, codename);


--
-- Name: auth_permission auth_permission_pkey; Type: CONSTRAINT; Schema: public; Owner: celestial_site
--

ALTER TABLE ONLY public.auth_permission
    ADD CONSTRAINT auth_permission_pkey PRIMARY KEY (id);


--
-- Name: django_admin_log django_admin_log_pkey; Type: CONSTRAINT; Schema: public; Owner: celestial_site
--

ALTER TABLE ONLY public.django_admin_log
    ADD CONSTRAINT django_admin_log_pkey PRIMARY KEY (id);


--
-- Name: django_content_type django_content_type_app_label_model_76bd3d3b_uniq; Type: CONSTRAINT; Schema: public; Owner: celestial_site
--

ALTER TABLE ONLY public.django_content_type
    ADD CONSTRAINT django_content_type_app_label_model_76bd3d3b_uniq UNIQUE (app_label, model);


--
-- Name: django_content_type django_content_type_pkey; Type: CONSTRAINT; Schema: public; Owner: celestial_site
--

ALTER TABLE ONLY public.django_content_type
    ADD CONSTRAINT django_content_type_pkey PRIMARY KEY (id);


--
-- Name: django_migrations django_migrations_pkey; Type: CONSTRAINT; Schema: public; Owner: celestial_site
--

ALTER TABLE ONLY public.django_migrations
    ADD CONSTRAINT django_migrations_pkey PRIMARY KEY (id);


--
-- Name: django_session django_session_pkey; Type: CONSTRAINT; Schema: public; Owner: celestial_site
--

ALTER TABLE ONLY public.django_session
    ADD CONSTRAINT django_session_pkey PRIMARY KEY (session_key);


--
-- Name: main_category main_category_name_key; Type: CONSTRAINT; Schema: public; Owner: celestial_site
--

ALTER TABLE ONLY public.main_category
    ADD CONSTRAINT main_category_name_key UNIQUE (name);


--
-- Name: main_category main_category_pkey; Type: CONSTRAINT; Schema: public; Owner: celestial_site
--

ALTER TABLE ONLY public.main_category
    ADD CONSTRAINT main_category_pkey PRIMARY KEY (id);


--
-- Name: main_category main_category_slug_key; Type: CONSTRAINT; Schema: public; Owner: celestial_site
--

ALTER TABLE ONLY public.main_category
    ADD CONSTRAINT main_category_slug_key UNIQUE (slug);


--
-- Name: main_celestial main_celestial_pkey; Type: CONSTRAINT; Schema: public; Owner: celestial_site
--

ALTER TABLE ONLY public.main_celestial
    ADD CONSTRAINT main_celestial_pkey PRIMARY KEY (id);


--
-- Name: main_celestial main_celestial_slug_key; Type: CONSTRAINT; Schema: public; Owner: celestial_site
--

ALTER TABLE ONLY public.main_celestial
    ADD CONSTRAINT main_celestial_slug_key UNIQUE (slug);


--
-- Name: main_image main_image_pkey; Type: CONSTRAINT; Schema: public; Owner: celestial_site
--

ALTER TABLE ONLY public.main_image
    ADD CONSTRAINT main_image_pkey PRIMARY KEY (id);


--
-- Name: orders_order orders_order_pkey; Type: CONSTRAINT; Schema: public; Owner: celestial_site
--

ALTER TABLE ONLY public.orders_order
    ADD CONSTRAINT orders_order_pkey PRIMARY KEY (id);


--
-- Name: orders_orderitems orders_orderitems_pkey; Type: CONSTRAINT; Schema: public; Owner: celestial_site
--

ALTER TABLE ONLY public.orders_orderitems
    ADD CONSTRAINT orders_orderitems_pkey PRIMARY KEY (id);


--
-- Name: user_groups user_groups_pkey; Type: CONSTRAINT; Schema: public; Owner: celestial_site
--

ALTER TABLE ONLY public.user_groups
    ADD CONSTRAINT user_groups_pkey PRIMARY KEY (id);


--
-- Name: user_groups user_groups_user_id_group_id_40beef00_uniq; Type: CONSTRAINT; Schema: public; Owner: celestial_site
--

ALTER TABLE ONLY public.user_groups
    ADD CONSTRAINT user_groups_user_id_group_id_40beef00_uniq UNIQUE (user_id, group_id);


--
-- Name: user user_pkey; Type: CONSTRAINT; Schema: public; Owner: celestial_site
--

ALTER TABLE ONLY public."user"
    ADD CONSTRAINT user_pkey PRIMARY KEY (id);


--
-- Name: user_user_permissions user_user_permissions_pkey; Type: CONSTRAINT; Schema: public; Owner: celestial_site
--

ALTER TABLE ONLY public.user_user_permissions
    ADD CONSTRAINT user_user_permissions_pkey PRIMARY KEY (id);


--
-- Name: user_user_permissions user_user_permissions_user_id_permission_id_7dc6e2e0_uniq; Type: CONSTRAINT; Schema: public; Owner: celestial_site
--

ALTER TABLE ONLY public.user_user_permissions
    ADD CONSTRAINT user_user_permissions_user_id_permission_id_7dc6e2e0_uniq UNIQUE (user_id, permission_id);


--
-- Name: user user_username_key; Type: CONSTRAINT; Schema: public; Owner: celestial_site
--

ALTER TABLE ONLY public."user"
    ADD CONSTRAINT user_username_key UNIQUE (username);


--
-- Name: auth_group_name_a6ea08ec_like; Type: INDEX; Schema: public; Owner: celestial_site
--

CREATE INDEX auth_group_name_a6ea08ec_like ON public.auth_group USING btree (name varchar_pattern_ops);


--
-- Name: auth_group_permissions_group_id_b120cbf9; Type: INDEX; Schema: public; Owner: celestial_site
--

CREATE INDEX auth_group_permissions_group_id_b120cbf9 ON public.auth_group_permissions USING btree (group_id);


--
-- Name: auth_group_permissions_permission_id_84c5c92e; Type: INDEX; Schema: public; Owner: celestial_site
--

CREATE INDEX auth_group_permissions_permission_id_84c5c92e ON public.auth_group_permissions USING btree (permission_id);


--
-- Name: auth_permission_content_type_id_2f476e4b; Type: INDEX; Schema: public; Owner: celestial_site
--

CREATE INDEX auth_permission_content_type_id_2f476e4b ON public.auth_permission USING btree (content_type_id);


--
-- Name: django_admin_log_content_type_id_c4bce8eb; Type: INDEX; Schema: public; Owner: celestial_site
--

CREATE INDEX django_admin_log_content_type_id_c4bce8eb ON public.django_admin_log USING btree (content_type_id);


--
-- Name: django_admin_log_user_id_c564eba6; Type: INDEX; Schema: public; Owner: celestial_site
--

CREATE INDEX django_admin_log_user_id_c564eba6 ON public.django_admin_log USING btree (user_id);


--
-- Name: django_session_expire_date_a5c62663; Type: INDEX; Schema: public; Owner: celestial_site
--

CREATE INDEX django_session_expire_date_a5c62663 ON public.django_session USING btree (expire_date);


--
-- Name: django_session_session_key_c0390e0f_like; Type: INDEX; Schema: public; Owner: celestial_site
--

CREATE INDEX django_session_session_key_c0390e0f_like ON public.django_session USING btree (session_key varchar_pattern_ops);


--
-- Name: main_catego_slug_f935f9_idx; Type: INDEX; Schema: public; Owner: celestial_site
--

CREATE INDEX main_catego_slug_f935f9_idx ON public.main_category USING btree (slug);


--
-- Name: main_category_name_eb0f0831_like; Type: INDEX; Schema: public; Owner: celestial_site
--

CREATE INDEX main_category_name_eb0f0831_like ON public.main_category USING btree (name varchar_pattern_ops);


--
-- Name: main_category_slug_7ae6758d_like; Type: INDEX; Schema: public; Owner: celestial_site
--

CREATE INDEX main_category_slug_7ae6758d_like ON public.main_category USING btree (slug varchar_pattern_ops);


--
-- Name: main_celest_id_6b95e4_idx; Type: INDEX; Schema: public; Owner: celestial_site
--

CREATE INDEX main_celest_id_6b95e4_idx ON public.main_celestial USING btree (id, slug);


--
-- Name: main_celest_name_f6cb46_idx; Type: INDEX; Schema: public; Owner: celestial_site
--

CREATE INDEX main_celest_name_f6cb46_idx ON public.main_celestial USING btree (name);


--
-- Name: main_celestial_category_id_09636f4a; Type: INDEX; Schema: public; Owner: celestial_site
--

CREATE INDEX main_celestial_category_id_09636f4a ON public.main_celestial USING btree (category_id);


--
-- Name: main_celestial_slug_2d343626_like; Type: INDEX; Schema: public; Owner: celestial_site
--

CREATE INDEX main_celestial_slug_2d343626_like ON public.main_celestial USING btree (slug varchar_pattern_ops);


--
-- Name: main_image_celestial_obj_id_37505724; Type: INDEX; Schema: public; Owner: celestial_site
--

CREATE INDEX main_image_celestial_obj_id_37505724 ON public.main_image USING btree (celestial_obj_id);


--
-- Name: orders_orde_created_743fca_idx; Type: INDEX; Schema: public; Owner: celestial_site
--

CREATE INDEX orders_orde_created_743fca_idx ON public.orders_order USING btree (created DESC);


--
-- Name: orders_order_user_id_e9b59eb1; Type: INDEX; Schema: public; Owner: celestial_site
--

CREATE INDEX orders_order_user_id_e9b59eb1 ON public.orders_order USING btree (user_id);


--
-- Name: orders_orderitems_celestial_obj_id_973f6b79; Type: INDEX; Schema: public; Owner: celestial_site
--

CREATE INDEX orders_orderitems_celestial_obj_id_973f6b79 ON public.orders_orderitems USING btree (celestial_obj_id);


--
-- Name: orders_orderitems_order_id_fc85d193; Type: INDEX; Schema: public; Owner: celestial_site
--

CREATE INDEX orders_orderitems_order_id_fc85d193 ON public.orders_orderitems USING btree (order_id);


--
-- Name: user_groups_group_id_b76f8aba; Type: INDEX; Schema: public; Owner: celestial_site
--

CREATE INDEX user_groups_group_id_b76f8aba ON public.user_groups USING btree (group_id);


--
-- Name: user_groups_user_id_abaea130; Type: INDEX; Schema: public; Owner: celestial_site
--

CREATE INDEX user_groups_user_id_abaea130 ON public.user_groups USING btree (user_id);


--
-- Name: user_user_permissions_permission_id_9deb68a3; Type: INDEX; Schema: public; Owner: celestial_site
--

CREATE INDEX user_user_permissions_permission_id_9deb68a3 ON public.user_user_permissions USING btree (permission_id);


--
-- Name: user_user_permissions_user_id_ed4a47ea; Type: INDEX; Schema: public; Owner: celestial_site
--

CREATE INDEX user_user_permissions_user_id_ed4a47ea ON public.user_user_permissions USING btree (user_id);


--
-- Name: user_username_cf016618_like; Type: INDEX; Schema: public; Owner: celestial_site
--

CREATE INDEX user_username_cf016618_like ON public."user" USING btree (username varchar_pattern_ops);


--
-- Name: auth_group_permissions auth_group_permissio_permission_id_84c5c92e_fk_auth_perm; Type: FK CONSTRAINT; Schema: public; Owner: celestial_site
--

ALTER TABLE ONLY public.auth_group_permissions
    ADD CONSTRAINT auth_group_permissio_permission_id_84c5c92e_fk_auth_perm FOREIGN KEY (permission_id) REFERENCES public.auth_permission(id) DEFERRABLE INITIALLY DEFERRED;


--
-- Name: auth_group_permissions auth_group_permissions_group_id_b120cbf9_fk_auth_group_id; Type: FK CONSTRAINT; Schema: public; Owner: celestial_site
--

ALTER TABLE ONLY public.auth_group_permissions
    ADD CONSTRAINT auth_group_permissions_group_id_b120cbf9_fk_auth_group_id FOREIGN KEY (group_id) REFERENCES public.auth_group(id) DEFERRABLE INITIALLY DEFERRED;


--
-- Name: auth_permission auth_permission_content_type_id_2f476e4b_fk_django_co; Type: FK CONSTRAINT; Schema: public; Owner: celestial_site
--

ALTER TABLE ONLY public.auth_permission
    ADD CONSTRAINT auth_permission_content_type_id_2f476e4b_fk_django_co FOREIGN KEY (content_type_id) REFERENCES public.django_content_type(id) DEFERRABLE INITIALLY DEFERRED;


--
-- Name: django_admin_log django_admin_log_content_type_id_c4bce8eb_fk_django_co; Type: FK CONSTRAINT; Schema: public; Owner: celestial_site
--

ALTER TABLE ONLY public.django_admin_log
    ADD CONSTRAINT django_admin_log_content_type_id_c4bce8eb_fk_django_co FOREIGN KEY (content_type_id) REFERENCES public.django_content_type(id) DEFERRABLE INITIALLY DEFERRED;


--
-- Name: django_admin_log django_admin_log_user_id_c564eba6_fk_user_id; Type: FK CONSTRAINT; Schema: public; Owner: celestial_site
--

ALTER TABLE ONLY public.django_admin_log
    ADD CONSTRAINT django_admin_log_user_id_c564eba6_fk_user_id FOREIGN KEY (user_id) REFERENCES public."user"(id) DEFERRABLE INITIALLY DEFERRED;


--
-- Name: main_celestial main_celestial_category_id_09636f4a_fk_main_category_id; Type: FK CONSTRAINT; Schema: public; Owner: celestial_site
--

ALTER TABLE ONLY public.main_celestial
    ADD CONSTRAINT main_celestial_category_id_09636f4a_fk_main_category_id FOREIGN KEY (category_id) REFERENCES public.main_category(id) DEFERRABLE INITIALLY DEFERRED;


--
-- Name: main_image main_image_celestial_obj_id_37505724_fk_main_celestial_id; Type: FK CONSTRAINT; Schema: public; Owner: celestial_site
--

ALTER TABLE ONLY public.main_image
    ADD CONSTRAINT main_image_celestial_obj_id_37505724_fk_main_celestial_id FOREIGN KEY (celestial_obj_id) REFERENCES public.main_celestial(id) DEFERRABLE INITIALLY DEFERRED;


--
-- Name: orders_order orders_order_user_id_e9b59eb1_fk_user_id; Type: FK CONSTRAINT; Schema: public; Owner: celestial_site
--

ALTER TABLE ONLY public.orders_order
    ADD CONSTRAINT orders_order_user_id_e9b59eb1_fk_user_id FOREIGN KEY (user_id) REFERENCES public."user"(id) DEFERRABLE INITIALLY DEFERRED;


--
-- Name: orders_orderitems orders_orderitems_celestial_obj_id_973f6b79_fk_main_cele; Type: FK CONSTRAINT; Schema: public; Owner: celestial_site
--

ALTER TABLE ONLY public.orders_orderitems
    ADD CONSTRAINT orders_orderitems_celestial_obj_id_973f6b79_fk_main_cele FOREIGN KEY (celestial_obj_id) REFERENCES public.main_celestial(id) DEFERRABLE INITIALLY DEFERRED;


--
-- Name: orders_orderitems orders_orderitems_order_id_fc85d193_fk_orders_order_id; Type: FK CONSTRAINT; Schema: public; Owner: celestial_site
--

ALTER TABLE ONLY public.orders_orderitems
    ADD CONSTRAINT orders_orderitems_order_id_fc85d193_fk_orders_order_id FOREIGN KEY (order_id) REFERENCES public.orders_order(id) DEFERRABLE INITIALLY DEFERRED;


--
-- Name: user_groups user_groups_group_id_b76f8aba_fk_auth_group_id; Type: FK CONSTRAINT; Schema: public; Owner: celestial_site
--

ALTER TABLE ONLY public.user_groups
    ADD CONSTRAINT user_groups_group_id_b76f8aba_fk_auth_group_id FOREIGN KEY (group_id) REFERENCES public.auth_group(id) DEFERRABLE INITIALLY DEFERRED;


--
-- Name: user_groups user_groups_user_id_abaea130_fk_user_id; Type: FK CONSTRAINT; Schema: public; Owner: celestial_site
--

ALTER TABLE ONLY public.user_groups
    ADD CONSTRAINT user_groups_user_id_abaea130_fk_user_id FOREIGN KEY (user_id) REFERENCES public."user"(id) DEFERRABLE INITIALLY DEFERRED;


--
-- Name: user_user_permissions user_user_permission_permission_id_9deb68a3_fk_auth_perm; Type: FK CONSTRAINT; Schema: public; Owner: celestial_site
--

ALTER TABLE ONLY public.user_user_permissions
    ADD CONSTRAINT user_user_permission_permission_id_9deb68a3_fk_auth_perm FOREIGN KEY (permission_id) REFERENCES public.auth_permission(id) DEFERRABLE INITIALLY DEFERRED;


--
-- Name: user_user_permissions user_user_permissions_user_id_ed4a47ea_fk_user_id; Type: FK CONSTRAINT; Schema: public; Owner: celestial_site
--

ALTER TABLE ONLY public.user_user_permissions
    ADD CONSTRAINT user_user_permissions_user_id_ed4a47ea_fk_user_id FOREIGN KEY (user_id) REFERENCES public."user"(id) DEFERRABLE INITIALLY DEFERRED;


--
-- PostgreSQL database dump complete
--

